{"v":"4.8.0","meta":{"g":"LottieFiles AE ","a":"","k":"","d":"","tc":""},"fr":60,"ip":0,"op":321,"w":1000,"h":1000,"nm":"01 - Stocks","ddd":0,"assets":[],"layers":[{"ddd":0,"ind":1,"ty":3,"nm":"Trigger","sr":1,"ks":{"o":{"a":0,"k":0,"ix":11},"r":{"a":0,"k":0,"ix":10},"p":{"a":0,"k":[500,500,0],"ix":2},"a":{"a":0,"k":[0,0,0],"ix":1},"s":{"a":0,"k":[100,100,100],"ix":6}},"ao":0,"ip":0,"op":600,"st":0,"bm":0},{"ddd":0,"ind":2,"ty":3,"nm":"Out Animation","sr":1,"ks":{"o":{"a":0,"k":0,"ix":11},"r":{"a":1,"k":[{"i":{"x":[0],"y":[1]},"o":{"x":[0.333],"y":[0]},"t":250,"s":[0]},{"i":{"x":[0.667],"y":[1]},"o":{"x":[1],"y":[0]},"t":270,"s":[5]},{"t":310,"s":[-25]}],"ix":10},"p":{"a":0,"k":[500,500,0],"ix":2},"a":{"a":0,"k":[50,50,0],"ix":1},"s":{"a":1,"k":[{"i":{"x":[0.667,0.667,0.667],"y":[1,1,1]},"o":{"x":[0.167,0.167,0.167],"y":[0,0,0]},"t":0,"s":[100,100,100]},{"i":{"x":[0,0,0.667],"y":[1,1,1]},"o":{"x":[0.333,0.333,0.333],"y":[0,0,0]},"t":250,"s":[100,100,100]},{"i":{"x":[0.667,0.667,0.667],"y":[1,1,1]},"o":{"x":[1,1,0.333],"y":[0,0,0]},"t":270,"s":[110,110,100]},{"t":310,"s":[0,0,100]}],"ix":6}},"ao":0,"ip":0,"op":600,"st":0,"bm":0},{"ddd":0,"ind":3,"ty":4,"nm":"Layer 2 Outlines","parent":4,"sr":1,"ks":{"o":{"a":0,"k":100,"ix":11},"r":{"a":0,"k":0,"ix":10},"p":{"a":1,"k":[{"i":{"x":0.667,"y":1},"o":{"x":0.333,"y":0},"t":120,"s":[574.55,643.988,0],"to":[0,-4.583,0],"ti":[0,4.583,0]},{"i":{"x":0.667,"y":0.667},"o":{"x":0.333,"y":0.333},"t":150,"s":[574.55,616.488,0],"to":[0,0,0],"ti":[0,0,0]},{"i":{"x":0.667,"y":1},"o":{"x":0.333,"y":0},"t":180,"s":[574.55,616.488,0],"to":[0,4.583,0],"ti":[0,-4.583,0]},{"t":210,"s":[574.55,643.988,0]}],"ix":2},"a":{"a":0,"k":[574.55,643.988,0],"ix":1},"s":{"a":1,"k":[{"i":{"x":[0.353,0.353,0.353],"y":[1,1,1]},"o":{"x":[0.649,0.649,0.649],"y":[0,0,0]},"t":50,"s":[0,0,100]},{"i":{"x":[0.352,0.352,0.352],"y":[1,1,1]},"o":{"x":[0.645,0.645,0.645],"y":[0,0,0]},"t":90,"s":[103,103,100]},{"t":110,"s":[100,100,100]}],"ix":6}},"ao":0,"shapes":[{"ty":"gr","it":[{"ind":0,"ty":"sh","ix":1,"ks":{"a":0,"k":{"i":[[0,0],[0,0],[0,0],[0,0],[0,0],[0,0],[0,0],[0,0],[0,0],[0,0],[0,0],[0,0],[0,0],[0,0],[0,0],[0,0],[0,0],[0,0],[0,0],[0,0],[0,0],[0,0],[0,0],[0,0]],"o":[[0,0],[0,0],[0,0],[0,0],[0,0],[0,0],[0,0],[0,0],[0,0],[0,0],[0,0],[0,0],[0,0],[0,0],[0,0],[0,0],[0,0],[0,0],[0,0],[0,0],[0,0],[0,0],[0,0],[0,0]],"v":[[43.418,-63.728],[43.418,-63.728],[12.575,-63.728],[12.575,-80.058],[-0.266,-80.058],[-12.046,-80.058],[-12.046,-63.728],[-39.712,-63.728],[-39.712,-40.893],[-0.266,-40.893],[9.53,-40.893],[-0.266,-25.172],[-43.418,44.078],[-43.418,63.728],[-12.046,63.728],[-12.046,80.058],[-0.266,80.058],[12.575,80.058],[12.575,63.728],[43.418,63.728],[43.418,39.83],[-0.266,39.83],[-11.648,39.83],[43.418,-43.017]],"c":true},"ix":2},"nm":"Path 1","mn":"ADBE Vector Shape - Group","hd":false},{"ty":"st","c":{"a":0,"k":[1,1,1,1],"ix":3},"o":{"a":0,"k":100,"ix":4},"w":{"a":0,"k":0.94,"ix":5},"lc":1,"lj":1,"ml":10,"bm":0,"nm":"Stroke 1","mn":"ADBE Vector Graphic - Stroke","hd":false},{"ty":"tr","p":{"a":0,"k":[574.55,563.93],"ix":2},"a":{"a":0,"k":[0,0],"ix":1},"s":{"a":0,"k":[100,100],"ix":3},"r":{"a":0,"k":0,"ix":6},"o":{"a":0,"k":100,"ix":7},"sk":{"a":0,"k":0,"ix":4},"sa":{"a":0,"k":0,"ix":5},"nm":"Transform"}],"nm":"Group 1","np":2,"cix":2,"bm":0,"ix":1,"mn":"ADBE Vector Group","hd":false},{"ty":"gr","it":[{"ind":0,"ty":"sh","ix":1,"ks":{"a":0,"k":{"i":[[0,0],[0,0],[0,0],[0,0]],"o":[[0,0],[0,0],[0,0],[0,0]],"v":[[6.421,-8.165],[-6.42,-8.165],[-6.42,8.165],[6.421,8.165]],"c":true},"ix":2},"nm":"Path 1","mn":"ADBE Vector Shape - Group","hd":false},{"ty":"fl","c":{"a":0,"k":[0.830999995213,0.39199999641,0.325,1],"ix":4},"o":{"a":0,"k":100,"ix":5},"r":1,"bm":0,"nm":"Fill 1","mn":"ADBE Vector Graphic - Fill","hd":false},{"ty":"tr","p":{"a":0,"k":[580.704,492.037],"ix":2},"a":{"a":0,"k":[0,0],"ix":1},"s":{"a":0,"k":[100,100],"ix":3},"r":{"a":0,"k":0,"ix":6},"o":{"a":0,"k":100,"ix":7},"sk":{"a":0,"k":0,"ix":4},"sa":{"a":0,"k":0,"ix":5},"nm":"Transform"}],"nm":"Group 2","np":2,"cix":2,"bm":0,"ix":2,"mn":"ADBE Vector Group","hd":false},{"ty":"gr","it":[{"ind":0,"ty":"sh","ix":1,"ks":{"a":0,"k":{"i":[[0,0],[0,0],[0,0],[0,0]],"o":[[0,0],[0,0],[0,0],[0,0]],"v":[[-6.42,8.165],[6.421,8.165],[6.421,-8.165],[-6.42,-8.165]],"c":true},"ix":2},"nm":"Path 1","mn":"ADBE Vector Shape - Group","hd":false},{"ty":"fl","c":{"a":0,"k":[0.830999995213,0.39199999641,0.325,1],"ix":4},"o":{"a":0,"k":100,"ix":5},"r":1,"bm":0,"nm":"Fill 1","mn":"ADBE Vector Graphic - Fill","hd":false},{"ty":"tr","p":{"a":0,"k":[580.704,635.822],"ix":2},"a":{"a":0,"k":[0,0],"ix":1},"s":{"a":0,"k":[100,100],"ix":3},"r":{"a":0,"k":0,"ix":6},"o":{"a":0,"k":100,"ix":7},"sk":{"a":0,"k":0,"ix":4},"sa":{"a":0,"k":0,"ix":5},"nm":"Transform"}],"nm":"Group 3","np":2,"cix":2,"bm":0,"ix":3,"mn":"ADBE Vector Group","hd":false},{"ty":"gr","it":[{"ind":0,"ty":"sh","ix":1,"ks":{"a":0,"k":{"i":[[0,0],[0,0],[0,0],[0,0],[0,0]],"o":[[0,0],[0,0],[0,0],[0,0],[0,0]],"v":[[-9.001,11.948],[21.842,11.948],[21.842,-11.948],[-21.842,-11.948],[-21.842,11.948]],"c":true},"ix":2},"nm":"Path 1","mn":"ADBE Vector Shape - Group","hd":false},{"ty":"fl","c":{"a":0,"k":[0.830999995213,0.39199999641,0.325,1],"ix":4},"o":{"a":0,"k":100,"ix":5},"r":1,"bm":0,"nm":"Fill 1","mn":"ADBE Vector Graphic - Fill","hd":false},{"ty":"tr","p":{"a":0,"k":[596.126,615.709],"ix":2},"a":{"a":0,"k":[0,0],"ix":1},"s":{"a":0,"k":[100,100],"ix":3},"r":{"a":0,"k":0,"ix":6},"o":{"a":0,"k":100,"ix":7},"sk":{"a":0,"k":0,"ix":4},"sa":{"a":0,"k":0,"ix":5},"nm":"Transform"}],"nm":"Group 4","np":2,"cix":2,"bm":0,"ix":4,"mn":"ADBE Vector Group","hd":false},{"ty":"gr","it":[{"ind":0,"ty":"sh","ix":1,"ks":{"a":0,"k":{"i":[[0,0],[0,0],[0,0],[0,0],[0,0],[0,0],[0,0],[0,0]],"o":[[0,0],[0,0],[0,0],[0,0],[0,0],[0,0],[0,0],[0,0]],"v":[[21.842,-22.505],[21.842,-43.216],[-9.001,-43.216],[-21.842,-43.216],[-21.842,-20.381],[-12.046,-20.381],[-21.842,-4.66],[-21.842,43.216]],"c":true},"ix":2},"nm":"Path 1","mn":"ADBE Vector Shape - Group","hd":false},{"ty":"fl","c":{"a":0,"k":[0.830999995213,0.39199999641,0.325,1],"ix":4},"o":{"a":0,"k":100,"ix":5},"r":1,"bm":0,"nm":"Fill 1","mn":"ADBE Vector Graphic - Fill","hd":false},{"ty":"tr","p":{"a":0,"k":[596.126,543.418],"ix":2},"a":{"a":0,"k":[0,0],"ix":1},"s":{"a":0,"k":[100,100],"ix":3},"r":{"a":0,"k":0,"ix":6},"o":{"a":0,"k":100,"ix":7},"sk":{"a":0,"k":0,"ix":4},"sa":{"a":0,"k":0,"ix":5},"nm":"Transform"}],"nm":"Group 5","np":2,"cix":2,"bm":0,"ix":5,"mn":"ADBE Vector Group","hd":false},{"ty":"gr","it":[{"ind":0,"ty":"sh","ix":1,"ks":{"a":0,"k":{"i":[[0,0],[0,0],[0,0],[0,0]],"o":[[0,0],[0,0],[0,0],[0,0]],"v":[[12.31,-8.165],[-12.31,-8.165],[-12.31,8.165],[12.31,8.165]],"c":true},"ix":2},"nm":"Path 1","mn":"ADBE Vector Shape - Group","hd":false},{"ty":"fl","c":{"a":0,"k":[0.917999985639,0.442999985639,0.380000005984,1],"ix":4},"o":{"a":0,"k":100,"ix":5},"r":1,"bm":0,"nm":"Fill 1","mn":"ADBE Vector Graphic - Fill","hd":false},{"ty":"tr","p":{"a":0,"k":[574.815,492.037],"ix":2},"a":{"a":0,"k":[0,0],"ix":1},"s":{"a":0,"k":[100,100],"ix":3},"r":{"a":0,"k":0,"ix":6},"o":{"a":0,"k":100,"ix":7},"sk":{"a":0,"k":0,"ix":4},"sa":{"a":0,"k":0,"ix":5},"nm":"Transform"}],"nm":"Group 6","np":2,"cix":2,"bm":0,"ix":6,"mn":"ADBE Vector Group","hd":false},{"ty":"gr","it":[{"ind":0,"ty":"sh","ix":1,"ks":{"a":0,"k":{"i":[[0,0],[0,0],[0,0],[0,0]],"o":[[0,0],[0,0],[0,0],[0,0]],"v":[[-12.31,8.165],[12.31,8.165],[12.31,-8.165],[-12.31,-8.165]],"c":true},"ix":2},"nm":"Path 1","mn":"ADBE Vector Shape - Group","hd":false},{"ty":"fl","c":{"a":0,"k":[0.917999985639,0.442999985639,0.380000005984,1],"ix":4},"o":{"a":0,"k":100,"ix":5},"r":1,"bm":0,"nm":"Fill 1","mn":"ADBE Vector Graphic - Fill","hd":false},{"ty":"tr","p":{"a":0,"k":[574.815,635.822],"ix":2},"a":{"a":0,"k":[0,0],"ix":1},"s":{"a":0,"k":[100,100],"ix":3},"r":{"a":0,"k":0,"ix":6},"o":{"a":0,"k":100,"ix":7},"sk":{"a":0,"k":0,"ix":4},"sa":{"a":0,"k":0,"ix":5},"nm":"Transform"}],"nm":"Group 7","np":2,"cix":2,"bm":0,"ix":7,"mn":"ADBE Vector Group","hd":false},{"ty":"gr","it":[{"ind":0,"ty":"sh","ix":1,"ks":{"a":0,"k":{"i":[[0,0],[0,0],[0,0],[0,0],[0,0],[0,0],[0,0],[0,0],[0,0],[0,0]],"o":[[0,0],[0,0],[0,0],[0,0],[0,0],[0,0],[0,0],[0,0],[0,0],[0,0]],"v":[[-39.711,-63.728],[-39.711,-40.893],[9.53,-40.893],[-43.418,44.078],[-43.418,63.728],[43.418,63.728],[43.418,39.83],[-11.649,39.83],[43.418,-43.017],[43.418,-63.728]],"c":true},"ix":2},"nm":"Path 1","mn":"ADBE Vector Shape - Group","hd":false},{"ty":"fl","c":{"a":0,"k":[0.917999985639,0.442999985639,0.380000005984,1],"ix":4},"o":{"a":0,"k":100,"ix":5},"r":1,"bm":0,"nm":"Fill 1","mn":"ADBE Vector Graphic - Fill","hd":false},{"ty":"tr","p":{"a":0,"k":[574.55,563.93],"ix":2},"a":{"a":0,"k":[0,0],"ix":1},"s":{"a":0,"k":[100,100],"ix":3},"r":{"a":0,"k":0,"ix":6},"o":{"a":0,"k":100,"ix":7},"sk":{"a":0,"k":0,"ix":4},"sa":{"a":0,"k":0,"ix":5},"nm":"Transform"}],"nm":"Group 8","np":2,"cix":2,"bm":0,"ix":8,"mn":"ADBE Vector Group","hd":false}],"ip":0,"op":600,"st":0,"bm":0},{"ddd":0,"ind":4,"ty":4,"nm":"Layer 3 Outlines","parent":2,"sr":1,"ks":{"o":{"a":0,"k":100,"ix":11},"r":{"a":0,"k":0,"ix":10},"p":{"a":0,"k":[124.284,304.28,0],"ix":2},"a":{"a":0,"k":[574.284,754.28,0],"ix":1},"s":{"a":1,"k":[{"i":{"x":[0.353,0.353,0.353],"y":[1,1,1]},"o":{"x":[0.649,0.649,0.649],"y":[0,0,0]},"t":30,"s":[0,0,100]},{"i":{"x":[0.352,0.352,0.352],"y":[1,1,1]},"o":{"x":[0.645,0.645,0.645],"y":[0,0,0]},"t":70,"s":[103,103,100]},{"t":90,"s":[100,100,100]}],"ix":6}},"ao":0,"shapes":[{"ty":"gr","it":[{"ind":0,"ty":"sh","ix":1,"ks":{"a":1,"k":[{"i":{"x":0.667,"y":1},"o":{"x":0.333,"y":0},"t":120,"s":[{"i":[[0,0],[0,0],[0,0],[0,0],[0,0]],"o":[[0,0],[0,0],[0,0],[0,0],[0,0]],"v":[[18.786,-75.214],[18.786,65.909],[-43.418,75.214],[43.418,75.214],[43.418,-75.214]],"c":true}]},{"i":{"x":0.667,"y":1},"o":{"x":0.333,"y":0},"t":150,"s":[{"i":[[0,0],[0,0],[0,0],[0,0],[0,0]],"o":[[0,0],[0,0],[0,0],[0,0],[0,0]],"v":[[18.54,-101.714],[18.786,65.909],[-43.418,75.214],[43.418,75.214],[43.172,-101.714]],"c":true}]},{"i":{"x":0.667,"y":1},"o":{"x":0.333,"y":0},"t":180,"s":[{"i":[[0,0],[0,0],[0,0],[0,0],[0,0]],"o":[[0,0],[0,0],[0,0],[0,0],[0,0]],"v":[[18.54,-101.714],[18.786,65.909],[-43.418,75.214],[43.418,75.214],[43.172,-101.714]],"c":true}]},{"t":210,"s":[{"i":[[0,0],[0,0],[0,0],[0,0],[0,0]],"o":[[0,0],[0,0],[0,0],[0,0],[0,0]],"v":[[18.786,-75.214],[18.786,65.909],[-43.418,75.214],[43.418,75.214],[43.418,-75.214]],"c":true}]}],"ix":2},"nm":"Path 1","mn":"ADBE Vector Shape - Group","hd":false},{"ty":"fl","c":{"a":0,"k":[0.830999995213,0.39199999641,0.325,1],"ix":4},"o":{"a":0,"k":100,"ix":5},"r":1,"bm":0,"nm":"Fill 1","mn":"ADBE Vector Graphic - Fill","hd":false},{"ty":"tr","p":{"a":0,"k":[574.284,679.066],"ix":2},"a":{"a":0,"k":[0,0],"ix":1},"s":{"a":0,"k":[100,100],"ix":3},"r":{"a":0,"k":0,"ix":6},"o":{"a":0,"k":100,"ix":7},"sk":{"a":0,"k":0,"ix":4},"sa":{"a":0,"k":0,"ix":5},"nm":"Transform"}],"nm":"Group 1","np":2,"cix":2,"bm":0,"ix":1,"mn":"ADBE Vector Group","hd":false},{"ty":"gr","it":[{"ind":0,"ty":"sh","ix":1,"ks":{"a":1,"k":[{"i":{"x":0.667,"y":1},"o":{"x":0.333,"y":0},"t":120,"s":[{"i":[[0,0],[0,0],[0,0],[0,0]],"o":[[0,0],[0,0],[0,0],[0,0]],"v":[[43.418,-75.425],[-43.418,-75.425],[-43.418,75.425],[43.418,75.425]],"c":true}]},{"i":{"x":0.667,"y":1},"o":{"x":0.333,"y":0},"t":150,"s":[{"i":[[0,0],[0,0],[0,0],[0,0]],"o":[[0,0],[0,0],[0,0],[0,0]],"v":[[43.336,-101.487],[-43.5,-101.487],[-43.418,75.425],[43.418,75.425]],"c":true}]},{"i":{"x":0.667,"y":1},"o":{"x":0.333,"y":0},"t":180,"s":[{"i":[[0,0],[0,0],[0,0],[0,0]],"o":[[0,0],[0,0],[0,0],[0,0]],"v":[[43.336,-101.487],[-43.5,-101.487],[-43.418,75.425],[43.418,75.425]],"c":true}]},{"t":210,"s":[{"i":[[0,0],[0,0],[0,0],[0,0]],"o":[[0,0],[0,0],[0,0],[0,0]],"v":[[43.418,-75.425],[-43.418,-75.425],[-43.418,75.425],[43.418,75.425]],"c":true}]}],"ix":2},"nm":"Path 1","mn":"ADBE Vector Shape - Group","hd":false},{"ty":"fl","c":{"a":0,"k":[0.917999985639,0.442999985639,0.380000005984,1],"ix":4},"o":{"a":0,"k":100,"ix":5},"r":1,"bm":0,"nm":"Fill 1","mn":"ADBE Vector Graphic - Fill","hd":false},{"ty":"tr","p":{"a":0,"k":[574.284,678.855],"ix":2},"a":{"a":0,"k":[0,0],"ix":1},"s":{"a":0,"k":[100,100],"ix":3},"r":{"a":0,"k":0,"ix":6},"o":{"a":0,"k":100,"ix":7},"sk":{"a":0,"k":0,"ix":4},"sa":{"a":0,"k":0,"ix":5},"nm":"Transform"}],"nm":"Group 2","np":2,"cix":2,"bm":0,"ix":2,"mn":"ADBE Vector Group","hd":false}],"ip":0,"op":600,"st":0,"bm":0},{"ddd":0,"ind":5,"ty":4,"nm":"Layer 4 Outlines","parent":6,"sr":1,"ks":{"o":{"a":0,"k":100,"ix":11},"r":{"a":0,"k":0,"ix":10},"p":{"a":1,"k":[{"i":{"x":0.667,"y":1},"o":{"x":0.333,"y":0},"t":120,"s":[266.518,540.472,0],"to":[0,-8.667,0],"ti":[0,8.667,0]},{"i":{"x":0.667,"y":0.667},"o":{"x":0.333,"y":0.333},"t":150,"s":[266.518,488.472,0],"to":[0,0,0],"ti":[0,0,0]},{"i":{"x":0.667,"y":1},"o":{"x":0.333,"y":0},"t":180,"s":[266.518,488.472,0],"to":[0,8.667,0],"ti":[0,-8.667,0]},{"t":210,"s":[266.518,540.472,0]}],"ix":2},"a":{"a":0,"k":[266.518,488.472,0],"ix":1},"s":{"a":1,"k":[{"i":{"x":[0.353,0.353,0.353],"y":[1,1,1]},"o":{"x":[0.649,0.649,0.649],"y":[0,0,0]},"t":30,"s":[0,0,100]},{"i":{"x":[0.352,0.352,0.352],"y":[1,1,1]},"o":{"x":[0.645,0.645,0.645],"y":[0,0,0]},"t":70,"s":[103,103,100]},{"t":90,"s":[100,100,100]}],"ix":6}},"ao":0,"shapes":[{"ty":"gr","it":[{"ind":0,"ty":"sh","ix":1,"ks":{"a":0,"k":{"i":[[0.021,39.555],[24.336,2.638],[0,0],[0.002,-23.468],[0,0],[11,-2.089],[0,0]],"o":[[0.472,-41.55],[0,0],[11.001,1.631],[0,0],[0,21.959],[0,0],[24.124,-3.7]],"v":[[24.605,0.126],[-25.077,-56.62],[-25.077,-31.938],[-1.4,0.126],[-1.4,0.336],[-25.077,31.549],[-25.077,56.62]],"c":true},"ix":2},"nm":"Path 1","mn":"ADBE Vector Shape - Group","hd":false},{"ty":"fl","c":{"a":0,"k":[0.375999989229,0.57599995931,0.250999989229,1],"ix":4},"o":{"a":0,"k":100,"ix":5},"r":1,"bm":0,"nm":"Fill 1","mn":"ADBE Vector Graphic - Fill","hd":false},{"ty":"tr","p":{"a":0,"k":[292.099,430.599],"ix":2},"a":{"a":0,"k":[0,0],"ix":1},"s":{"a":0,"k":[100,100],"ix":3},"r":{"a":0,"k":0,"ix":6},"o":{"a":0,"k":100,"ix":7},"sk":{"a":0,"k":0,"ix":4},"sa":{"a":0,"k":0,"ix":5},"nm":"Transform"}],"nm":"Group 1","np":2,"cix":2,"bm":0,"ix":1,"mn":"ADBE Vector Group","hd":false},{"ty":"gr","it":[{"ind":0,"ty":"sh","ix":1,"ks":{"a":0,"k":{"i":[[0,0],[0,0],[0,0],[0,0]],"o":[[0,0],[0,0],[0,0],[0,0]],"v":[[23.113,10.589],[-23.113,10.589],[-23.113,-10.589],[23.113,-10.589]],"c":true},"ix":2},"nm":"Path 1","mn":"ADBE Vector Shape - Group","hd":false},{"ty":"fl","c":{"a":0,"k":[0.525,0.725,0.340999977261,1],"ix":4},"o":{"a":0,"k":100,"ix":5},"r":1,"bm":0,"nm":"Fill 1","mn":"ADBE Vector Graphic - Fill","hd":false},{"ty":"tr","p":{"a":0,"k":[239.438,430.576],"ix":2},"a":{"a":0,"k":[0,0],"ix":1},"s":{"a":0,"k":[100,100],"ix":3},"r":{"a":0,"k":0,"ix":6},"o":{"a":0,"k":100,"ix":7},"sk":{"a":0,"k":0,"ix":4},"sa":{"a":0,"k":0,"ix":5},"nm":"Transform"}],"nm":"Group 2","np":2,"cix":2,"bm":0,"ix":2,"mn":"ADBE Vector Group","hd":false},{"ty":"gr","it":[{"ind":0,"ty":"sh","ix":1,"ks":{"a":0,"k":{"i":[[0,0],[0,0],[0,0],[0,0],[0,0],[0.003,-41.448]],"o":[[0,38.784],[0,0],[0,0],[0,0],[0,0],[0,0]],"v":[[19.332,1.935],[-20.217,33.371],[-20.217,1.935],[-20.217,1.727],[-20.217,-29.709],[19.332,1.727]],"c":true},"ix":2},"nm":"Path 1","mn":"ADBE Vector Shape - Group","hd":false},{"ind":1,"ty":"sh","ix":2,"ks":{"a":0,"k":{"i":[[0,0],[0,0],[0,0],[0.038,74.838]],"o":[[0,0],[0,0],[0,0],[0.889,-78.291]],"v":[[-46.225,-51.925],[-46.225,1.727],[-46.225,57.229],[45.336,1.727]],"c":true},"ix":2},"nm":"Path 2","mn":"ADBE Vector Shape - Group","hd":false},{"ty":"mm","mm":1,"nm":"Merge Paths 1","mn":"ADBE Vector Filter - Merge","hd":false},{"ty":"fl","c":{"a":0,"k":[0.525,0.725,0.340999977261,1],"ix":4},"o":{"a":0,"k":100,"ix":5},"r":1,"bm":0,"nm":"Fill 1","mn":"ADBE Vector Graphic - Fill","hd":false},{"ty":"tr","p":{"a":0,"k":[271.367,428.999],"ix":2},"a":{"a":0,"k":[0,0],"ix":1},"s":{"a":0,"k":[100,100],"ix":3},"r":{"a":0,"k":0,"ix":6},"o":{"a":0,"k":100,"ix":7},"sk":{"a":0,"k":0,"ix":4},"sa":{"a":0,"k":0,"ix":5},"nm":"Transform"}],"nm":"Group 3","np":4,"cix":2,"bm":0,"ix":3,"mn":"ADBE Vector Group","hd":false},{"ty":"gr","it":[{"ind":0,"ty":"sh","ix":1,"ks":{"a":0,"k":{"i":[[0,0],[0,0],[0,0],[0,0],[0,0],[0,0],[-8.428,-1.249],[-1.38,-0.384],[-0.102,-0.029],[-0.554,-0.196],[-0.187,-0.071],[-0.463,-0.205],[-0.218,-0.103],[-0.423,-0.231],[-0.225,-0.132],[-0.401,-0.269],[-0.217,-0.156],[-0.397,-0.327],[-0.188,-0.165],[-0.443,-0.458],[-0.103,-0.111],[-0.497,-0.662],[-0.116,-0.162],[-0.339,-0.562],[-0.154,-0.279],[-0.252,-0.531],[-0.147,-0.344],[-0.203,-0.558],[-0.126,-0.396],[-0.16,-0.61],[-0.098,-0.435],[-0.119,-0.689],[-0.065,-0.457],[-0.076,-0.83],[-0.028,-0.423],[0,-1.389],[0,0],[0.086,-1.199],[0.037,-0.384],[0.112,-0.738],[0.077,-0.417],[0.147,-0.616],[0.111,-0.397],[0.184,-0.547],[0.138,-0.362],[0.225,-0.501],[0.157,-0.317],[0.275,-0.476],[0.161,-0.258],[0.369,-0.501],[0.117,-0.151],[0.54,-0.572],[0.103,-0.105],[0.468,-0.409],[0.191,-0.157],[0.41,-0.297],[0.221,-0.149],[0.411,-0.247],[0.228,-0.128],[0.43,-0.214],[0.22,-0.102],[0.469,-0.19],[0.188,-0.071],[0.557,-0.179],[0.103,-0.032],[1.355,-0.257]],"o":[[0,0],[0,0],[0,0],[0,0],[0,0],[0,0],[1.355,0.201],[0.102,0.028],[0.558,0.161],[0.189,0.067],[0.469,0.177],[0.22,0.097],[0.431,0.205],[0.227,0.124],[0.411,0.241],[0.22,0.147],[0.41,0.296],[0.191,0.158],[0.465,0.41],[0.104,0.109],[0.54,0.582],[0.118,0.157],[0.367,0.514],[0.161,0.267],[0.274,0.493],[0.157,0.33],[0.225,0.524],[0.137,0.379],[0.185,0.575],[0.111,0.419],[0.147,0.65],[0.076,0.441],[0.111,0.781],[0.037,0.411],[0.086,1.276],[0,0],[0,1.3],[-0.029,0.395],[-0.076,0.782],[-0.065,0.431],[-0.119,0.65],[-0.099,0.413],[-0.16,0.579],[-0.127,0.377],[-0.202,0.533],[-0.147,0.33],[-0.252,0.509],[-0.154,0.268],[-0.34,0.545],[-0.114,0.156],[-0.498,0.645],[-0.101,0.107],[-0.444,0.454],[-0.187,0.164],[-0.397,0.327],[-0.217,0.157],[-0.4,0.272],[-0.225,0.135],[-0.422,0.238],[-0.218,0.107],[-0.464,0.216],[-0.187,0.076],[-0.553,0.213],[-0.103,0.034],[-1.379,0.43],[-8.428,1.6]],"v":[[-15.372,30.642],[-15.372,9.438],[-3.97,9.438],[-3.97,-11.739],[-15.372,-11.739],[-15.372,-32.437],[0.5,-33.066],[4.616,-32.197],[4.921,-32.104],[6.59,-31.57],[7.152,-31.356],[8.551,-30.786],[9.206,-30.483],[10.487,-29.827],[11.164,-29.444],[12.382,-28.673],[13.039,-28.226],[14.246,-27.283],[14.819,-26.811],[16.177,-25.5],[16.496,-25.185],[18.052,-23.319],[18.393,-22.822],[19.461,-21.22],[19.923,-20.384],[20.72,-18.858],[21.169,-17.835],[21.814,-16.216],[22.208,-15.051],[22.723,-13.27],[23.039,-11.996],[23.432,-9.976],[23.656,-8.647],[23.923,-6.212],[24.039,-4.987],[24.177,-1.001],[24.177,-0.793],[24.039,2.946],[23.923,4.092],[23.655,6.388],[23.431,7.644],[23.039,9.553],[22.721,10.762],[22.208,12.454],[21.811,13.566],[21.169,15.113],[20.719,16.092],[19.922,17.561],[19.46,18.367],[18.389,19.926],[18.052,20.402],[16.495,22.229],[16.182,22.534],[14.818,23.837],[14.245,24.306],[13.038,25.251],[12.38,25.704],[11.164,26.487],[10.483,26.881],[9.206,27.558],[8.551,27.876],[7.151,28.482],[6.59,28.709],[4.923,29.293],[4.615,29.397],[0.5,30.421]],"c":true},"ix":2},"nm":"Path 1","mn":"ADBE Vector Shape - Group","hd":false},{"ind":1,"ty":"sh","ix":2,"ks":{"a":0,"k":{"i":[[-0.155,0.164],[-0.374,0.425],[-0.18,0.212],[-0.325,0.413],[-0.188,0.25],[-0.289,0.41],[-0.189,0.282],[-0.26,0.415],[-0.183,0.31],[-0.236,0.426],[-0.174,0.334],[-0.213,0.441],[-0.163,0.358],[-0.192,0.458],[-0.148,0.379],[-0.172,0.479],[-0.133,0.399],[-0.151,0.5],[-0.116,0.418],[-0.13,0.529],[-0.097,0.434],[-0.109,0.561],[-0.078,0.445],[-0.088,0.601],[-0.058,0.452],[-0.066,0.655],[-0.037,0.443],[-0.041,0.756],[-0.015,0.389],[0.001,1.204],[0.033,1.209],[0.016,0.399],[0.053,0.77],[0.039,0.458],[0.075,0.662],[0.061,0.467],[0.095,0.603],[0.082,0.457],[0.116,0.564],[0.102,0.442],[0.138,0.531],[0.121,0.425],[0.158,0.5],[0.139,0.408],[0.177,0.475],[0.155,0.387],[0.197,0.45],[0.171,0.365],[0.216,0.429],[0.184,0.343],[0.237,0.41],[0.195,0.32],[0.259,0.393],[0.204,0.295],[0.281,0.379],[0.21,0.269],[0.312,0.373],[0.206,0.236],[0.361,0.383],[0.185,0.188],[0.502,0.467],[0.067,0.062],[0.599,0.493],[0.154,0.124],[0.459,0.34],[0.225,0.16],[0.407,0.271],[0.251,0.161],[0.399,0.239],[0.271,0.155],[0.394,0.212],[0.284,0.147],[0.398,0.192],[0.293,0.135],[0.402,0.174],[0.3,0.123],[0.409,0.157],[0.303,0.111],[0.416,0.143],[0.303,0.098],[0.427,0.13],[0.299,0.086],[0.439,0.117],[0.294,0.074],[0.455,0.106],[0.281,0.062],[0.476,0.096],[0.265,0.051],[0.509,0.086],[0.232,0.037],[0.571,0.079],[0.172,0.023],[0.738,0.08],[0.002,0],[0,0],[0,0],[0,0],[0,0],[0,0],[0,0],[-24.473,6.454],[-0.005,0.001],[-0.724,0.213],[-0.045,0.013],[-0.682,0.225],[-0.069,0.023],[-0.651,0.238],[-0.089,0.033],[-0.623,0.254],[-0.102,0.042],[-0.602,0.272],[-0.109,0.049],[-0.592,0.296],[-0.101,0.052],[-0.592,0.327],[-0.086,0.049],[-0.605,0.371],[-0.056,0.034],[-2.336,2.161],[-0.087,0.082],[-0.464,0.476]],"o":[[0.387,-0.408],[0.183,-0.208],[0.335,-0.397],[0.193,-0.244],[0.299,-0.396],[0.194,-0.275],[0.27,-0.402],[0.189,-0.302],[0.246,-0.414],[0.18,-0.327],[0.224,-0.427],[0.17,-0.35],[0.202,-0.446],[0.155,-0.37],[0.183,-0.466],[0.14,-0.391],[0.162,-0.488],[0.123,-0.41],[0.142,-0.516],[0.105,-0.425],[0.123,-0.547],[0.086,-0.436],[0.102,-0.585],[0.065,-0.443],[0.081,-0.637],[0.043,-0.436],[0.06,-0.736],[0.021,-0.383],[0.047,-1.156],[0.014,-1.263],[-0.011,-0.405],[-0.032,-0.792],[-0.032,-0.466],[-0.058,-0.678],[-0.053,-0.476],[-0.082,-0.619],[-0.074,-0.467],[-0.104,-0.579],[-0.094,-0.452],[-0.126,-0.546],[-0.113,-0.435],[-0.145,-0.515],[-0.131,-0.418],[-0.166,-0.487],[-0.148,-0.396],[-0.186,-0.463],[-0.164,-0.375],[-0.206,-0.442],[-0.177,-0.352],[-0.228,-0.423],[-0.189,-0.327],[-0.249,-0.406],[-0.199,-0.303],[-0.272,-0.392],[-0.205,-0.277],[-0.302,-0.388],[-0.202,-0.241],[-0.349,-0.399],[-0.181,-0.193],[-0.484,-0.496],[-0.068,-0.063],[-0.577,-0.529],[-0.153,-0.125],[-0.447,-0.359],[-0.222,-0.164],[-0.4,-0.285],[-0.249,-0.166],[-0.393,-0.25],[-0.268,-0.16],[-0.389,-0.223],[-0.283,-0.153],[-0.393,-0.201],[-0.291,-0.141],[-0.398,-0.183],[-0.297,-0.128],[-0.405,-0.167],[-0.301,-0.117],[-0.413,-0.152],[-0.302,-0.103],[-0.424,-0.139],[-0.298,-0.09],[-0.436,-0.126],[-0.293,-0.078],[-0.453,-0.114],[-0.281,-0.065],[-0.475,-0.104],[-0.265,-0.052],[-0.509,-0.095],[-0.231,-0.039],[-0.57,-0.092],[-0.171,-0.024],[-0.739,-0.098],[-0.002,0],[-21.52,-2.332],[0,0],[0,0],[0,0],[0,0],[0,0],[0,0],[0.005,-0.002],[0.728,-0.192],[0.046,-0.014],[0.687,-0.204],[0.069,-0.023],[0.656,-0.219],[0.088,-0.033],[0.63,-0.235],[0.102,-0.041],[0.61,-0.252],[0.109,-0.049],[0.601,-0.276],[0.102,-0.051],[0.603,-0.305],[0.086,-0.048],[0.619,-0.346],[0.056,-0.034],[2.656,-1.642],[0.088,-0.081],[0.48,-0.451],[0.157,-0.161]],"v":[[36.508,38.585],[37.651,37.342],[38.19,36.704],[39.185,35.496],[39.751,34.749],[40.637,33.546],[41.208,32.704],[42.005,31.483],[42.561,30.561],[43.285,29.305],[43.815,28.311],[44.47,27.009],[44.967,25.947],[45.559,24.591],[46.014,23.469],[46.544,22.048],[46.957,20.866],[47.423,19.379],[47.785,18.142],[48.19,16.569],[48.499,15.289],[48.84,13.618],[49.092,12.305],[49.368,10.517],[49.563,9.186],[49.772,7.237],[49.904,5.931],[50.044,3.681],[50.111,2.535],[50.182,-1.001],[50.151,-4.707],[50.096,-5.898],[49.979,-8.254],[49.859,-9.627],[49.671,-11.648],[49.488,-13.051],[49.232,-14.893],[48.99,-16.272],[48.665,-17.993],[48.367,-19.327],[47.975,-20.948],[47.621,-22.234],[47.169,-23.759],[46.763,-24.996],[46.249,-26.439],[45.794,-27.613],[45.22,-28.981],[44.72,-30.095],[44.083,-31.398],[43.544,-32.444],[42.845,-33.689],[42.273,-34.665],[41.509,-35.859],[40.91,-36.763],[40.076,-37.913],[39.458,-38.741],[38.533,-39.872],[37.927,-40.598],[36.857,-41.762],[36.315,-42.342],[34.833,-43.783],[34.634,-43.974],[32.87,-45.507],[32.405,-45.872],[31.048,-46.927],[30.374,-47.405],[29.167,-48.247],[28.411,-48.73],[27.229,-49.47],[26.417,-49.937],[25.243,-50.595],[24.391,-51.039],[23.208,-51.632],[22.331,-52.043],[21.132,-52.58],[20.237,-52.955],[19.017,-53.442],[18.112,-53.783],[16.867,-54.224],[15.961,-54.527],[14.684,-54.928],[13.788,-55.194],[12.475,-55.556],[11.594,-55.788],[10.232,-56.114],[9.388,-56.309],[7.962,-56.604],[7.169,-56.762],[5.642,-57.031],[4.948,-57.15],[3.236,-57.403],[2.72,-57.478],[0.505,-57.746],[0.5,-57.747],[-41.38,-54.653],[-41.38,-11.739],[-50.195,-11.739],[-50.195,9.438],[-41.38,9.438],[-41.38,54.501],[9.556,53.626],[9.57,53.621],[11.747,53.013],[11.884,52.972],[13.936,52.328],[14.143,52.259],[16.104,51.573],[16.371,51.475],[18.251,50.741],[18.557,50.617],[20.375,49.829],[20.702,49.684],[22.491,48.824],[22.797,48.673],[24.59,47.723],[24.849,47.581],[26.685,46.504],[26.853,46.404],[34.366,40.717],[34.625,40.467],[36.044,39.081]],"c":true},"ix":2},"nm":"Path 2","mn":"ADBE Vector Shape - Group","hd":false},{"ty":"mm","mm":1,"nm":"Merge Paths 1","mn":"ADBE Vector Filter - Merge","hd":false},{"ty":"st","c":{"a":0,"k":[1,1,1,1],"ix":3},"o":{"a":0,"k":100,"ix":4},"w":{"a":0,"k":1.63,"ix":5},"lc":1,"lj":1,"ml":10,"bm":0,"nm":"Stroke 1","mn":"ADBE Vector Graphic - Stroke","hd":false},{"ty":"fl","c":{"a":0,"k":[0.375999989229,0.57599995931,0.250999989229,1],"ix":4},"o":{"a":0,"k":100,"ix":5},"r":1,"bm":0,"nm":"Fill 1","mn":"ADBE Vector Graphic - Fill","hd":false},{"ty":"tr","p":{"a":0,"k":[266.522,431.727],"ix":2},"a":{"a":0,"k":[0,0],"ix":1},"s":{"a":0,"k":[100,100],"ix":3},"r":{"a":0,"k":0,"ix":6},"o":{"a":0,"k":100,"ix":7},"sk":{"a":0,"k":0,"ix":4},"sa":{"a":0,"k":0,"ix":5},"nm":"Transform"}],"nm":"Group 4","np":5,"cix":2,"bm":0,"ix":4,"mn":"ADBE Vector Group","hd":false}],"ip":0,"op":600,"st":0,"bm":0},{"ddd":0,"ind":6,"ty":4,"nm":"Layer 5 Outlines","parent":2,"sr":1,"ks":{"o":{"a":0,"k":100,"ix":11},"r":{"a":0,"k":0,"ix":10},"p":{"a":0,"k":[-183.482,304.279,0],"ix":2},"a":{"a":0,"k":[266.518,754.279,0],"ix":1},"s":{"a":1,"k":[{"i":{"x":[0.353,0.353,0.353],"y":[1,1,1]},"o":{"x":[0.649,0.649,0.649],"y":[0,0,0]},"t":10,"s":[0,0,100]},{"i":{"x":[0.352,0.352,0.352],"y":[1,1,1]},"o":{"x":[0.645,0.645,0.645],"y":[0,0,0]},"t":50,"s":[103,103,100]},{"t":70,"s":[100,100,100]}],"ix":6}},"ao":0,"shapes":[{"ty":"gr","it":[{"ind":0,"ty":"sh","ix":1,"ks":{"a":1,"k":[{"i":{"x":0.667,"y":1},"o":{"x":0.333,"y":0},"t":120,"s":[{"i":[[0,0],[0,0],[0,0],[0,0],[0,0]],"o":[[0,0],[0,0],[0,0],[0,0],[0,0]],"v":[[18.703,-93.556],[18.785,125.974],[-43.418,145.556],[43.417,145.556],[43.335,-93.556]],"c":true}]},{"i":{"x":0.667,"y":1},"o":{"x":0.333,"y":0},"t":150,"s":[{"i":[[0,0],[0,0],[0,0],[0,0],[0,0]],"o":[[0,0],[0,0],[0,0],[0,0],[0,0]],"v":[[18.785,-145.556],[18.785,125.974],[-43.418,145.556],[43.417,145.556],[43.417,-145.556]],"c":true}]},{"i":{"x":0.667,"y":1},"o":{"x":0.333,"y":0},"t":180,"s":[{"i":[[0,0],[0,0],[0,0],[0,0],[0,0]],"o":[[0,0],[0,0],[0,0],[0,0],[0,0]],"v":[[18.785,-145.556],[18.785,125.974],[-43.418,145.556],[43.417,145.556],[43.417,-145.556]],"c":true}]},{"t":210,"s":[{"i":[[0,0],[0,0],[0,0],[0,0],[0,0]],"o":[[0,0],[0,0],[0,0],[0,0],[0,0]],"v":[[18.703,-93.556],[18.785,125.974],[-43.418,145.556],[43.417,145.556],[43.335,-93.556]],"c":true}]}],"ix":2},"nm":"Path 1","mn":"ADBE Vector Shape - Group","hd":false},{"ty":"fl","c":{"a":0,"k":[0.375999989229,0.57599995931,0.250999989229,1],"ix":4},"o":{"a":0,"k":100,"ix":5},"r":1,"bm":0,"nm":"Fill 1","mn":"ADBE Vector Graphic - Fill","hd":false},{"ty":"tr","p":{"a":0,"k":[266.518,608.723],"ix":2},"a":{"a":0,"k":[0,0],"ix":1},"s":{"a":0,"k":[100,100],"ix":3},"r":{"a":0,"k":0,"ix":6},"o":{"a":0,"k":100,"ix":7},"sk":{"a":0,"k":0,"ix":4},"sa":{"a":0,"k":0,"ix":5},"nm":"Transform"}],"nm":"Group 1","np":2,"cix":2,"bm":0,"ix":1,"mn":"ADBE Vector Group","hd":false},{"ty":"gr","it":[{"ind":0,"ty":"sh","ix":1,"ks":{"a":1,"k":[{"i":{"x":0.667,"y":1},"o":{"x":0.333,"y":0},"t":120,"s":[{"i":[[0,0],[0,0],[0,0],[0,0]],"o":[[0,0],[0,0],[0,0],[0,0]],"v":[[31.156,-93.681],[-31.047,-93.681],[-31.102,145.556],[31.102,125.974]],"c":true}]},{"i":{"x":0.667,"y":1},"o":{"x":0.333,"y":0},"t":150,"s":[{"i":[[0,0],[0,0],[0,0],[0,0]],"o":[[0,0],[0,0],[0,0],[0,0]],"v":[[31.102,-145.556],[-31.102,-145.556],[-31.102,145.556],[31.102,125.974]],"c":true}]},{"i":{"x":0.667,"y":1},"o":{"x":0.333,"y":0},"t":180,"s":[{"i":[[0,0],[0,0],[0,0],[0,0]],"o":[[0,0],[0,0],[0,0],[0,0]],"v":[[31.102,-145.556],[-31.102,-145.556],[-31.102,145.556],[31.102,125.974]],"c":true}]},{"t":210,"s":[{"i":[[0,0],[0,0],[0,0],[0,0]],"o":[[0,0],[0,0],[0,0],[0,0]],"v":[[31.156,-93.681],[-31.047,-93.681],[-31.102,145.556],[31.102,125.974]],"c":true}]}],"ix":2},"nm":"Path 1","mn":"ADBE Vector Shape - Group","hd":false},{"ty":"fl","c":{"a":0,"k":[0.525,0.725,0.340999977261,1],"ix":4},"o":{"a":0,"k":100,"ix":5},"r":1,"bm":0,"nm":"Fill 1","mn":"ADBE Vector Graphic - Fill","hd":false},{"ty":"tr","p":{"a":0,"k":[254.202,608.723],"ix":2},"a":{"a":0,"k":[0,0],"ix":1},"s":{"a":0,"k":[100,100],"ix":3},"r":{"a":0,"k":0,"ix":6},"o":{"a":0,"k":100,"ix":7},"sk":{"a":0,"k":0,"ix":4},"sa":{"a":0,"k":0,"ix":5},"nm":"Transform"}],"nm":"Group 2","np":2,"cix":2,"bm":0,"ix":2,"mn":"ADBE Vector Group","hd":false}],"ip":0,"op":600,"st":0,"bm":0},{"ddd":0,"ind":7,"ty":4,"nm":"Layer 6 Outlines","parent":8,"sr":1,"ks":{"o":{"a":0,"k":100,"ix":11},"r":{"a":0,"k":0,"ix":10},"p":{"a":1,"k":[{"i":{"x":0.667,"y":1},"o":{"x":0.333,"y":0},"t":120,"s":[727.651,593.485,0],"to":[0,4.5,0],"ti":[0,-4.5,0]},{"i":{"x":0.667,"y":0.667},"o":{"x":0.333,"y":0.333},"t":150,"s":[727.651,620.485,0],"to":[0,0,0],"ti":[0,0,0]},{"i":{"x":0.667,"y":1},"o":{"x":0.333,"y":0},"t":180,"s":[727.651,620.485,0],"to":[0,-4.5,0],"ti":[0,4.5,0]},{"t":210,"s":[727.651,593.485,0]}],"ix":2},"a":{"a":0,"k":[727.651,593.485,0],"ix":1},"s":{"a":1,"k":[{"i":{"x":[0.353,0.353,0.353],"y":[1,1,1]},"o":{"x":[0.649,0.649,0.649],"y":[0,0,0]},"t":60,"s":[0,0,100]},{"i":{"x":[0.667,0.667,0.667],"y":[1,1,1]},"o":{"x":[0.645,0.645,0.645],"y":[0,0,0]},"t":100,"s":[103,103,100]},{"t":120,"s":[100,100,100]}],"ix":6}},"ao":0,"shapes":[{"ty":"gr","it":[{"ind":0,"ty":"sh","ix":1,"ks":{"a":0,"k":{"i":[[0,0],[0,0],[0,0]],"o":[[0,0],[0,0],[0,0]],"v":[[-23.215,-45.214],[-23.215,14.071],[23.215,45.214]],"c":true},"ix":2},"nm":"Path 1","mn":"ADBE Vector Shape - Group","hd":false},{"ty":"fl","c":{"a":0,"k":[0.231000010173,0.510000011968,0.702000038297,1],"ix":4},"o":{"a":0,"k":100,"ix":5},"r":1,"bm":0,"nm":"Fill 1","mn":"ADBE Vector Graphic - Fill","hd":false},{"ty":"tr","p":{"a":0,"k":[753.633,489.969],"ix":2},"a":{"a":0,"k":[0,0],"ix":1},"s":{"a":0,"k":[100,100],"ix":3},"r":{"a":0,"k":0,"ix":6},"o":{"a":0,"k":100,"ix":7},"sk":{"a":0,"k":0,"ix":4},"sa":{"a":0,"k":0,"ix":5},"nm":"Transform"}],"nm":"Group 1","np":2,"cix":2,"bm":0,"ix":1,"mn":"ADBE Vector Group","hd":false},{"ty":"gr","it":[{"ind":0,"ty":"sh","ix":1,"ks":{"a":0,"k":{"i":[[0,0],[0,0],[0,0]],"o":[[0,0],[0,0],[0,0]],"v":[[-18.791,-21.391],[-18.791,21.391],[18.791,2.957]],"c":true},"ix":2},"nm":"Path 1","mn":"ADBE Vector Shape - Group","hd":false},{"ty":"fl","c":{"a":0,"k":[0.294000004787,0.62400004069,0.842999985639,1],"ix":4},"o":{"a":0,"k":100,"ix":5},"r":1,"bm":0,"nm":"Fill 1","mn":"ADBE Vector Graphic - Fill","hd":false},{"ty":"tr","p":{"a":0,"k":[749.209,531.888],"ix":2},"a":{"a":0,"k":[0,0],"ix":1},"s":{"a":0,"k":[100,100],"ix":3},"r":{"a":0,"k":0,"ix":6},"o":{"a":0,"k":100,"ix":7},"sk":{"a":0,"k":0,"ix":4},"sa":{"a":0,"k":0,"ix":5},"nm":"Transform"}],"nm":"Group 2","np":2,"cix":2,"bm":0,"ix":2,"mn":"ADBE Vector Group","hd":false},{"ty":"gr","it":[{"ind":0,"ty":"sh","ix":1,"ks":{"a":0,"k":{"i":[[0,0],[0,0],[0,0],[0,0]],"o":[[0,0],[0,0],[0,0],[0,0]],"v":[[0,-2.998],[-49.196,-28.432],[0,28.432],[49.196,-28.432]],"c":true},"ix":2},"nm":"Path 1","mn":"ADBE Vector Shape - Group","hd":false},{"ty":"fl","c":{"a":0,"k":[0.294000004787,0.62400004069,0.842999985639,1],"ix":4},"o":{"a":0,"k":100,"ix":5},"r":1,"bm":0,"nm":"Fill 1","mn":"ADBE Vector Graphic - Fill","hd":false},{"ty":"tr","p":{"a":0,"k":[727.651,563.616],"ix":2},"a":{"a":0,"k":[0,0],"ix":1},"s":{"a":0,"k":[100,100],"ix":3},"r":{"a":0,"k":0,"ix":6},"o":{"a":0,"k":100,"ix":7},"sk":{"a":0,"k":0,"ix":4},"sa":{"a":0,"k":0,"ix":5},"nm":"Transform"}],"nm":"Group 3","np":2,"cix":2,"bm":0,"ix":3,"mn":"ADBE Vector Group","hd":false},{"ty":"gr","it":[{"ind":0,"ty":"sh","ix":1,"ks":{"a":0,"k":{"i":[[0,0],[0,0]],"o":[[0,0],[0,0]],"v":[[724.884,504.04],[724.884,446.179]],"c":true},"ix":2},"nm":"Path 1","mn":"ADBE Vector Shape - Group","hd":false},{"ty":"fl","c":{"a":0,"k":[0.33300000359,0.698000021542,0.894000004787,1],"ix":4},"o":{"a":0,"k":100,"ix":5},"r":1,"bm":0,"nm":"Fill 1","mn":"ADBE Vector Graphic - Fill","hd":false},{"ty":"tr","p":{"a":0,"k":[0,0],"ix":2},"a":{"a":0,"k":[0,0],"ix":1},"s":{"a":0,"k":[100,100],"ix":3},"r":{"a":0,"k":0,"ix":6},"o":{"a":0,"k":100,"ix":7},"sk":{"a":0,"k":0,"ix":4},"sa":{"a":0,"k":0,"ix":5},"nm":"Transform"}],"nm":"Group 4","np":2,"cix":2,"bm":0,"ix":4,"mn":"ADBE Vector Group","hd":false},{"ty":"gr","it":[{"ind":0,"ty":"sh","ix":1,"ks":{"a":0,"k":{"i":[[0,0],[0,0],[0,0]],"o":[[0,0],[0,0],[0,0]],"v":[[19.082,-21.391],[-19.082,2.957],[19.082,21.391]],"c":true},"ix":2},"nm":"Path 1","mn":"ADBE Vector Shape - Group","hd":false},{"ty":"fl","c":{"a":0,"k":[0.33300000359,0.698000021542,0.894000004787,1],"ix":4},"o":{"a":0,"k":100,"ix":5},"r":1,"bm":0,"nm":"Fill 1","mn":"ADBE Vector Graphic - Fill","hd":false},{"ty":"tr","p":{"a":0,"k":[705.803,531.888],"ix":2},"a":{"a":0,"k":[0,0],"ix":1},"s":{"a":0,"k":[100,100],"ix":3},"r":{"a":0,"k":0,"ix":6},"o":{"a":0,"k":100,"ix":7},"sk":{"a":0,"k":0,"ix":4},"sa":{"a":0,"k":0,"ix":5},"nm":"Transform"}],"nm":"Group 5","np":2,"cix":2,"bm":0,"ix":5,"mn":"ADBE Vector Group","hd":false},{"ty":"gr","it":[{"ind":0,"ty":"sh","ix":1,"ks":{"a":0,"k":{"i":[[0,0],[0,0],[0,0],[0,0],[0,0]],"o":[[0,0],[0,0],[0,0],[0,0],[0,0]],"v":[[2.767,60.142],[-2.766,60.142],[-2.766,-52.681],[0,-60.142],[2.767,-52.681]],"c":true},"ix":2},"nm":"Path 1","mn":"ADBE Vector Shape - Group","hd":false},{"ty":"fl","c":{"a":0,"k":[1,1,1,1],"ix":4},"o":{"a":0,"k":100,"ix":5},"r":1,"bm":0,"nm":"Fill 1","mn":"ADBE Vector Graphic - Fill","hd":false},{"ty":"tr","p":{"a":0,"k":[727.651,497.436],"ix":2},"a":{"a":0,"k":[0,0],"ix":1},"s":{"a":0,"k":[100,100],"ix":3},"r":{"a":0,"k":0,"ix":6},"o":{"a":0,"k":100,"ix":7},"sk":{"a":0,"k":0,"ix":4},"sa":{"a":0,"k":0,"ix":5},"nm":"Transform"}],"nm":"Group 6","np":2,"cix":2,"bm":0,"ix":6,"mn":"ADBE Vector Group","hd":false},{"ty":"gr","it":[{"ind":0,"ty":"sh","ix":1,"ks":{"a":0,"k":{"i":[[0,0],[0,0],[0,0],[0,0]],"o":[[0,0],[0,0],[0,0],[0,0]],"v":[[-40.713,3.348],[0,23.041],[40.349,3.348],[0,-22.664]],"c":true},"ix":2},"nm":"Path 1","mn":"ADBE Vector Shape - Group","hd":false},{"ind":1,"ty":"sh","ix":2,"ks":{"a":0,"k":{"i":[[0,0],[0,0],[0,0],[0,0]],"o":[[0,0],[0,0],[0,0],[0,0]],"v":[[0,29.12],[-49.196,3.687],[0,-29.12],[49.196,3.687]],"c":true},"ix":2},"nm":"Path 2","mn":"ADBE Vector Shape - Group","hd":false},{"ty":"mm","mm":1,"nm":"Merge Paths 1","mn":"ADBE Vector Filter - Merge","hd":false},{"ty":"fl","c":{"a":0,"k":[1,1,1,1],"ix":4},"o":{"a":0,"k":100,"ix":5},"r":1,"bm":0,"nm":"Fill 1","mn":"ADBE Vector Graphic - Fill","hd":false},{"ty":"tr","p":{"a":0,"k":[727.651,531.497],"ix":2},"a":{"a":0,"k":[0,0],"ix":1},"s":{"a":0,"k":[100,100],"ix":3},"r":{"a":0,"k":0,"ix":6},"o":{"a":0,"k":100,"ix":7},"sk":{"a":0,"k":0,"ix":4},"sa":{"a":0,"k":0,"ix":5},"nm":"Transform"}],"nm":"Group 7","np":4,"cix":2,"bm":0,"ix":7,"mn":"ADBE Vector Group","hd":false},{"ty":"gr","it":[{"ind":0,"ty":"sh","ix":1,"ks":{"a":0,"k":{"i":[[0,0],[0,0],[0,0],[0,0]],"o":[[0,0],[0,0],[0,0],[0,0]],"v":[[-49.196,19.476],[0,-76.341],[49.196,19.476],[0,76.34]],"c":true},"ix":2},"nm":"Path 1","mn":"ADBE Vector Shape - Group","hd":false},{"ty":"fl","c":{"a":0,"k":[0.33300000359,0.698000021542,0.894000004787,1],"ix":4},"o":{"a":0,"k":100,"ix":5},"r":1,"bm":0,"nm":"Fill 1","mn":"ADBE Vector Graphic - Fill","hd":false},{"ty":"tr","p":{"a":0,"k":[727.652,515.707],"ix":2},"a":{"a":0,"k":[0,0],"ix":1},"s":{"a":0,"k":[100,100],"ix":3},"r":{"a":0,"k":0,"ix":6},"o":{"a":0,"k":100,"ix":7},"sk":{"a":0,"k":0,"ix":4},"sa":{"a":0,"k":0,"ix":5},"nm":"Transform"}],"nm":"Group 8","np":2,"cix":2,"bm":0,"ix":8,"mn":"ADBE Vector Group","hd":false},{"ty":"gr","it":[{"ind":0,"ty":"sh","ix":1,"ks":{"a":0,"k":{"i":[[0,0],[0,0],[0,0],[0,0],[0,0],[0,0],[0,0],[0,0],[0,0],[0,0],[0,0],[0,0]],"o":[[0,0],[0,0],[0,0],[0,0],[0,0],[0,0],[0,0],[0,0],[0,0],[0,0],[0,0],[0,0]],"v":[[0,-78.089],[-0.836,-76.459],[-50.032,19.358],[-50.322,19.922],[-49.907,20.402],[-0.711,77.266],[0,78.089],[0.711,77.266],[49.907,20.402],[50.322,19.922],[50.033,19.358],[0.837,-76.459]],"c":true},"ix":2},"nm":"Path 1","mn":"ADBE Vector Shape - Group","hd":false},{"ind":1,"ty":"sh","ix":2,"ks":{"a":0,"k":{"i":[[0,0],[0,0],[0,0],[0,0]],"o":[[0,0],[0,0],[0,0],[0,0]],"v":[[0,-76.03],[49.196,19.786],[0,76.651],[-49.196,19.786]],"c":true},"ix":2},"nm":"Path 2","mn":"ADBE Vector Shape - Group","hd":false},{"ty":"mm","mm":1,"nm":"Merge Paths 1","mn":"ADBE Vector Filter - Merge","hd":false},{"ty":"fl","c":{"a":0,"k":[1,1,1,1],"ix":4},"o":{"a":0,"k":100,"ix":5},"r":1,"bm":0,"nm":"Fill 1","mn":"ADBE Vector Graphic - Fill","hd":false},{"ty":"tr","p":{"a":0,"k":[727.651,515.397],"ix":2},"a":{"a":0,"k":[0,0],"ix":1},"s":{"a":0,"k":[100,100],"ix":3},"r":{"a":0,"k":0,"ix":6},"o":{"a":0,"k":100,"ix":7},"sk":{"a":0,"k":0,"ix":4},"sa":{"a":0,"k":0,"ix":5},"nm":"Transform"}],"nm":"Group 9","np":4,"cix":2,"bm":0,"ix":9,"mn":"ADBE Vector Group","hd":false}],"ip":0,"op":600,"st":0,"bm":0},{"ddd":0,"ind":8,"ty":4,"nm":"Layer 7 Outlines","parent":2,"sr":1,"ks":{"o":{"a":0,"k":100,"ix":11},"r":{"a":0,"k":0,"ix":10},"p":{"a":0,"k":[277.651,304.279,0],"ix":2},"a":{"a":0,"k":[727.651,754.279,0],"ix":1},"s":{"a":1,"k":[{"i":{"x":[0.353,0.353,0.353],"y":[1,1,1]},"o":{"x":[0.649,0.649,0.649],"y":[0,0,0]},"t":40,"s":[0,0,100]},{"i":{"x":[0.352,0.352,0.352],"y":[1,1,1]},"o":{"x":[0.645,0.645,0.645],"y":[0,0,0]},"t":80,"s":[103,103,100]},{"t":100,"s":[100,100,100]}],"ix":6}},"ao":0,"shapes":[{"ty":"gr","it":[{"ind":0,"ty":"sh","ix":1,"ks":{"a":1,"k":[{"i":{"x":0.667,"y":1},"o":{"x":0.333,"y":0},"t":120,"s":[{"i":[[0,0],[0,0],[0,0],[0,0],[0,0]],"o":[[0,0],[0,0],[0,0],[0,0],[0,0]],"v":[[18.786,-106.01],[18.786,84.391],[-43.418,106.01],[43.418,106.01],[43.418,-106.01]],"c":true}]},{"i":{"x":0.667,"y":1},"o":{"x":0.333,"y":0},"t":150,"s":[{"i":[[0,0],[0,0],[0,0],[0,0],[0,0]],"o":[[0,0],[0,0],[0,0],[0,0],[0,0]],"v":[[18.829,-76.635],[18.786,84.391],[-43.418,106.01],[43.418,106.01],[43.461,-76.635]],"c":true}]},{"i":{"x":0.667,"y":1},"o":{"x":0.333,"y":0},"t":180,"s":[{"i":[[0,0],[0,0],[0,0],[0,0],[0,0]],"o":[[0,0],[0,0],[0,0],[0,0],[0,0]],"v":[[18.829,-76.635],[18.786,84.391],[-43.418,106.01],[43.418,106.01],[43.461,-76.635]],"c":true}]},{"t":210,"s":[{"i":[[0,0],[0,0],[0,0],[0,0],[0,0]],"o":[[0,0],[0,0],[0,0],[0,0],[0,0]],"v":[[18.786,-106.01],[18.786,84.391],[-43.418,106.01],[43.418,106.01],[43.418,-106.01]],"c":true}]}],"ix":2},"nm":"Path 1","mn":"ADBE Vector Shape - Group","hd":false},{"ty":"fl","c":{"a":0,"k":[0.294000004787,0.62400004069,0.842999985639,1],"ix":4},"o":{"a":0,"k":100,"ix":5},"r":1,"bm":0,"nm":"Fill 1","mn":"ADBE Vector Graphic - Fill","hd":false},{"ty":"tr","p":{"a":0,"k":[727.651,648.268],"ix":2},"a":{"a":0,"k":[0,0],"ix":1},"s":{"a":0,"k":[100,100],"ix":3},"r":{"a":0,"k":0,"ix":6},"o":{"a":0,"k":100,"ix":7},"sk":{"a":0,"k":0,"ix":4},"sa":{"a":0,"k":0,"ix":5},"nm":"Transform"}],"nm":"Group 1","np":2,"cix":2,"bm":0,"ix":1,"mn":"ADBE Vector Group","hd":false},{"ty":"gr","it":[{"ind":0,"ty":"sh","ix":1,"ks":{"a":1,"k":[{"i":{"x":0.667,"y":1},"o":{"x":0.333,"y":0},"t":120,"s":[{"i":[[0,0],[0,0],[0,0],[0,0]],"o":[[0,0],[0,0],[0,0],[0,0]],"v":[[43.418,-106.01],[-43.418,-106.01],[-43.418,106.01],[43.418,106.01]],"c":true}]},{"i":{"x":0.667,"y":1},"o":{"x":0.333,"y":0},"t":150,"s":[{"i":[[0,0],[0,0],[0,0],[0,0]],"o":[[0,0],[0,0],[0,0],[0,0]],"v":[[43.336,-77.01],[-43.5,-77.01],[-43.418,106.01],[43.418,106.01]],"c":true}]},{"i":{"x":0.667,"y":1},"o":{"x":0.333,"y":0},"t":180,"s":[{"i":[[0,0],[0,0],[0,0],[0,0]],"o":[[0,0],[0,0],[0,0],[0,0]],"v":[[43.336,-77.01],[-43.5,-77.01],[-43.418,106.01],[43.418,106.01]],"c":true}]},{"t":210,"s":[{"i":[[0,0],[0,0],[0,0],[0,0]],"o":[[0,0],[0,0],[0,0],[0,0]],"v":[[43.418,-106.01],[-43.418,-106.01],[-43.418,106.01],[43.418,106.01]],"c":true}]}],"ix":2},"nm":"Path 1","mn":"ADBE Vector Shape - Group","hd":false},{"ty":"fl","c":{"a":0,"k":[0.33300000359,0.698000021542,0.894000004787,1],"ix":4},"o":{"a":0,"k":100,"ix":5},"r":1,"bm":0,"nm":"Fill 1","mn":"ADBE Vector Graphic - Fill","hd":false},{"ty":"tr","p":{"a":0,"k":[727.651,648.268],"ix":2},"a":{"a":0,"k":[0,0],"ix":1},"s":{"a":0,"k":[100,100],"ix":3},"r":{"a":0,"k":0,"ix":6},"o":{"a":0,"k":100,"ix":7},"sk":{"a":0,"k":0,"ix":4},"sa":{"a":0,"k":0,"ix":5},"nm":"Transform"}],"nm":"Group 2","np":2,"cix":2,"bm":0,"ix":2,"mn":"ADBE Vector Group","hd":false}],"ip":0,"op":600,"st":0,"bm":0},{"ddd":0,"ind":9,"ty":4,"nm":"Layer 8 Outlines","parent":10,"sr":1,"ks":{"o":{"a":0,"k":100,"ix":11},"r":{"a":0,"k":0,"ix":10},"p":{"a":1,"k":[{"i":{"x":0.667,"y":1},"o":{"x":0.333,"y":0},"t":120,"s":[420.202,395.667,0],"to":[0,6,0],"ti":[0,-6,0]},{"i":{"x":0.667,"y":0.667},"o":{"x":0.333,"y":0.333},"t":150,"s":[420.202,431.667,0],"to":[0,0,0],"ti":[0,0,0]},{"i":{"x":0.667,"y":1},"o":{"x":0.333,"y":0},"t":180,"s":[420.202,431.667,0],"to":[0,-6,0],"ti":[0,6,0]},{"t":210,"s":[420.202,395.667,0]}],"ix":2},"a":{"a":0,"k":[420.202,431.667,0],"ix":1},"s":{"a":1,"k":[{"i":{"x":[0.353,0.353,0.353],"y":[1,1,1]},"o":{"x":[0.649,0.649,0.649],"y":[0,0,0]},"t":40,"s":[0,0,100]},{"i":{"x":[0.352,0.352,0.352],"y":[1,1,1]},"o":{"x":[0.645,0.645,0.645],"y":[0,0,0]},"t":80,"s":[103,103,100]},{"t":100,"s":[100,100,100]}],"ix":6}},"ao":0,"shapes":[{"ty":"gr","it":[{"ind":0,"ty":"sh","ix":1,"ks":{"a":0,"k":{"i":[[11.377,4.42],[0,9.548],[19.146,0],[0,0],[0,0],[3.675,1.73],[0,0],[0,0],[0,-5.659],[11.517,0],[0,0],[0,0],[0,0],[0,-11.14],[7.493,0],[0,0],[0,0],[0,4.331],[0,0],[0,0],[0,27.585]],"o":[[9.019,-5.128],[0,-24.933],[0,0],[0,0],[0,-4.331],[0,0],[0,0],[11.655,0],[0,7.072],[0,0],[0,0],[0,0],[7.493,0],[0,11.67],[0,0],[0,0],[3.675,-1.729],[0,0],[0,0],[20.118,0],[0,-7.779]],"v":[[8.94,-2.121],[21.565,-25.992],[-11.872,-61.887],[-18.254,-61.887],[-18.254,-66.57],[-24.48,-76.357],[-24.48,-40.669],[-11.872,-40.669],[3.39,-25.462],[-11.872,-12.201],[-24.48,-12.201],[-24.48,8.311],[-11.872,8.311],[6.304,25.286],[-11.872,40.139],[-24.48,40.139],[-24.48,76.357],[-18.254,66.57],[-18.254,61.888],[-11.872,61.888],[24.48,25.462]],"c":true},"ix":2},"nm":"Path 1","mn":"ADBE Vector Shape - Group","hd":false},{"ty":"fl","c":{"a":0,"k":[0.847000002394,0.588000009574,0.250999989229,1],"ix":4},"o":{"a":0,"k":100,"ix":5},"r":1,"bm":0,"nm":"Fill 1","mn":"ADBE Vector Graphic - Fill","hd":false},{"ty":"tr","p":{"a":0,"k":[444.683,353.274],"ix":2},"a":{"a":0,"k":[0,0],"ix":1},"s":{"a":0,"k":[100,100],"ix":3},"r":{"a":0,"k":0,"ix":6},"o":{"a":0,"k":100,"ix":7},"sk":{"a":0,"k":0,"ix":4},"sa":{"a":0,"k":0,"ix":5},"nm":"Transform"}],"nm":"Group 1","np":2,"cix":2,"bm":0,"ix":1,"mn":"ADBE Vector Group","hd":false},{"ty":"gr","it":[{"ind":0,"ty":"sh","ix":1,"ks":{"a":0,"k":{"i":[[7.493,0],[0,0],[0,0],[0,0],[0,-11.14]],"o":[[0,0],[0,0],[0,0],[7.493,0],[0,11.67]],"v":[[12.608,40.138],[-15.418,40.138],[-15.418,8.311],[12.608,8.311],[30.785,25.285]],"c":true},"ix":2},"nm":"Path 1","mn":"ADBE Vector Shape - Group","hd":false},{"ind":1,"ty":"sh","ix":2,"ks":{"a":0,"k":{"i":[[0,0],[0,0],[0,-5.658],[11.517,0],[0,0]],"o":[[0,0],[11.655,0],[0,7.073],[0,0],[0,0]],"v":[[-15.418,-40.67],[12.608,-40.67],[27.87,-25.462],[12.608,-12.201],[-15.418,-12.201]],"c":true},"ix":2},"nm":"Path 2","mn":"ADBE Vector Shape - Group","hd":false},{"ind":2,"ty":"sh","ix":3,"ks":{"a":0,"k":{"i":[[11.377,4.421],[0,9.548],[19.146,0],[0,0],[0,0],[5.977,0],[0,-5.978],[0,0],[0,0],[0,0],[0,0],[0,-5.859],[-5.86,0],[0,0],[0,0],[0,0],[0,-5.86],[-5.86,0],[0,0],[0,0],[0,0],[0,0],[-5.977,0],[0,5.977],[0,0],[0,0],[0,27.585]],"o":[[9.019,-5.128],[0,-24.932],[0,0],[0,0],[0,-5.978],[-5.977,0],[0,0],[0,0],[0,0],[0,0],[-5.86,0],[0,5.859],[0,0],[0,0],[0,0],[-5.86,0],[0,5.86],[0,0],[0,0],[0,0],[0,0],[0,5.977],[5.977,0],[0,0],[0,0],[20.118,0],[0,-7.78]],"v":[[33.42,-2.121],[46.046,-25.993],[12.608,-61.888],[6.226,-61.888],[6.226,-66.569],[-4.596,-77.392],[-15.418,-66.569],[-15.418,-61.888],[-28.56,-61.888],[-33.455,-61.888],[-38.35,-61.888],[-48.96,-51.279],[-38.35,-40.67],[-33.455,-40.67],[-33.455,40.669],[-38.35,40.669],[-48.96,51.278],[-38.35,61.887],[-33.455,61.887],[-28.56,61.887],[-15.418,61.887],[-15.418,66.57],[-4.596,77.392],[6.226,66.57],[6.226,61.887],[12.608,61.887],[48.96,25.462]],"c":true},"ix":2},"nm":"Path 3","mn":"ADBE Vector Shape - Group","hd":false},{"ty":"mm","mm":1,"nm":"Merge Paths 1","mn":"ADBE Vector Filter - Merge","hd":false},{"ty":"fl","c":{"a":0,"k":[0.898000021542,0.702000038297,0.340999977261,1],"ix":4},"o":{"a":0,"k":100,"ix":5},"r":1,"bm":0,"nm":"Fill 1","mn":"ADBE Vector Graphic - Fill","hd":false},{"ty":"tr","p":{"a":0,"k":[420.202,353.275],"ix":2},"a":{"a":0,"k":[0,0],"ix":1},"s":{"a":0,"k":[100,100],"ix":3},"r":{"a":0,"k":0,"ix":6},"o":{"a":0,"k":100,"ix":7},"sk":{"a":0,"k":0,"ix":4},"sa":{"a":0,"k":0,"ix":5},"nm":"Transform"}],"nm":"Group 2","np":5,"cix":2,"bm":0,"ix":2,"mn":"ADBE Vector Group","hd":false},{"ty":"gr","it":[{"ind":0,"ty":"sh","ix":1,"ks":{"a":0,"k":{"i":[[0,0],[0,0],[0,-10.423],[2.869,0],[0,0]],"o":[[0,0],[7.202,0],[0,13.185],[0,0],[0,0]],"v":[[-14.418,9.31],[12.608,9.31],[29.785,25.286],[12.608,39.138],[-14.418,39.138]],"c":true},"ix":2},"nm":"Path 1","mn":"ADBE Vector Shape - Group","hd":false},{"ind":1,"ty":"sh","ix":2,"ks":{"a":0,"k":{"i":[[0,0],[0,0],[0,-4.914],[11.788,0],[0,0]],"o":[[0,0],[11.282,0],[0,5.594],[0,0],[0,0]],"v":[[-14.418,-39.668],[12.608,-39.668],[26.871,-25.462],[12.608,-13.201],[-14.418,-13.201]],"c":true},"ix":2},"nm":"Path 2","mn":"ADBE Vector Shape - Group","hd":false},{"ind":2,"ty":"sh","ix":3,"ks":{"a":0,"k":{"i":[[6.519,0],[0,-6.519],[0,0],[0,0],[0,0],[0,0],[0,-6.401],[-6.402,0],[0,0],[0,0],[0,0],[0,-6.402],[-6.402,0],[0,0],[0,0],[0,0],[0,0],[-6.518,0],[0,6.518],[0,0],[0,0],[0,24.484],[10.844,5.575],[0,10.402],[6.528,6.408],[10.173,0],[0,0],[0,0]],"o":[[-6.518,0],[0,0],[0,0],[0,0],[0,0],[-6.402,0],[0,6.402],[0,0],[0,0],[0,0],[-6.402,0],[0,6.402],[0,0],[0,0],[0,0],[0,0],[0,6.518],[6.519,0],[0,0],[0,0],[24.436,0],[0,-6.893],[7.434,-4.981],[0,-12.177],[-5.92,-5.813],[0,0],[0,0],[0,-6.519]],"v":[[-4.596,-78.393],[-16.418,-66.569],[-16.418,-62.888],[-28.56,-62.888],[-33.455,-62.888],[-38.35,-62.888],[-49.96,-51.279],[-38.35,-39.668],[-34.455,-39.668],[-34.455,39.669],[-38.35,39.669],[-49.96,51.279],[-38.35,62.888],[-33.455,62.888],[-28.56,62.888],[-16.418,62.888],[-16.418,66.57],[-4.596,78.393],[7.227,66.57],[7.227,62.888],[12.608,62.888],[49.96,25.463],[35.546,-2.259],[47.046,-25.992],[37.208,-54.003],[12.608,-62.888],[7.227,-62.888],[7.227,-66.569]],"c":true},"ix":2},"nm":"Path 3","mn":"ADBE Vector Shape - Group","hd":false},{"ind":3,"ty":"sh","ix":4,"ks":{"a":0,"k":{"i":[[0,0],[0,0],[0,11.671],[7.493,0],[0,0]],"o":[[0,0],[7.493,0],[0,-11.14],[0,0],[0,0]],"v":[[-15.418,40.138],[12.608,40.138],[30.785,25.286],[12.608,8.31],[-15.418,8.31]],"c":true},"ix":2},"nm":"Path 4","mn":"ADBE Vector Shape - Group","hd":false},{"ind":4,"ty":"sh","ix":5,"ks":{"a":0,"k":{"i":[[0,0],[0,0],[0,7.073],[11.656,0],[0,0]],"o":[[0,0],[11.517,0],[0,-5.658],[0,0],[0,0]],"v":[[-15.418,-12.201],[12.608,-12.201],[27.871,-25.462],[12.608,-40.668],[-15.418,-40.668]],"c":true},"ix":2},"nm":"Path 5","mn":"ADBE Vector Shape - Group","hd":false},{"ind":5,"ty":"sh","ix":6,"ks":{"a":0,"k":{"i":[[-5.977,0],[0,-5.977],[0,0],[0,0],[0,-24.932],[9.019,-5.128],[0,-7.78],[20.119,0],[0,0],[0,0],[5.977,0],[0,5.977],[0,0],[0,0],[0,0],[0,0],[0,5.859],[-5.86,0],[0,0],[0,0],[0,0],[0,5.86],[-5.86,0],[0,0],[0,0],[0,0],[0,0]],"o":[[5.977,0],[0,0],[0,0],[19.147,0],[0,9.548],[11.377,4.421],[0,27.585],[0,0],[0,0],[0,5.977],[-5.977,0],[0,0],[0,0],[0,0],[0,0],[-5.86,0],[0,-5.86],[0,0],[0,0],[0,0],[-5.86,0],[0,-5.859],[0,0],[0,0],[0,0],[0,0],[0,-5.977]],"v":[[-4.596,-77.393],[6.227,-66.569],[6.227,-61.888],[12.608,-61.888],[46.046,-25.992],[33.42,-2.121],[48.96,25.463],[12.608,61.888],[6.227,61.888],[6.227,66.57],[-4.596,77.393],[-15.418,66.57],[-15.418,61.888],[-28.56,61.888],[-33.455,61.888],[-38.35,61.888],[-48.96,51.279],[-38.35,40.669],[-33.455,40.669],[-33.455,-40.668],[-38.35,-40.668],[-48.96,-51.279],[-38.35,-61.888],[-33.455,-61.888],[-28.56,-61.888],[-15.418,-61.888],[-15.418,-66.569]],"c":true},"ix":2},"nm":"Path 6","mn":"ADBE Vector Shape - Group","hd":false},{"ty":"mm","mm":1,"nm":"Merge Paths 1","mn":"ADBE Vector Filter - Merge","hd":false},{"ty":"fl","c":{"a":0,"k":[1,1,1,1],"ix":4},"o":{"a":0,"k":100,"ix":5},"r":1,"bm":0,"nm":"Fill 1","mn":"ADBE Vector Graphic - Fill","hd":false},{"ty":"tr","p":{"a":0,"k":[420.202,353.275],"ix":2},"a":{"a":0,"k":[0,0],"ix":1},"s":{"a":0,"k":[100,100],"ix":3},"r":{"a":0,"k":0,"ix":6},"o":{"a":0,"k":100,"ix":7},"sk":{"a":0,"k":0,"ix":4},"sa":{"a":0,"k":0,"ix":5},"nm":"Transform"}],"nm":"Group 3","np":8,"cix":2,"bm":0,"ix":3,"mn":"ADBE Vector Group","hd":false}],"ip":0,"op":600,"st":0,"bm":0},{"ddd":0,"ind":10,"ty":4,"nm":"Layer 9 Outlines","parent":2,"sr":1,"ks":{"o":{"a":0,"k":100,"ix":11},"r":{"a":0,"k":0,"ix":10},"p":{"a":0,"k":[-29.798,304.279,0],"ix":2},"a":{"a":0,"k":[420.202,754.279,0],"ix":1},"s":{"a":1,"k":[{"i":{"x":[0.353,0.353,0.353],"y":[1,1,1]},"o":{"x":[0.649,0.649,0.649],"y":[0,0,0]},"t":20,"s":[0,0,100]},{"i":{"x":[0.352,0.352,0.352],"y":[1,1,1]},"o":{"x":[0.645,0.645,0.645],"y":[0,0,0]},"t":60,"s":[103,103,100]},{"t":80,"s":[100,100,100]}],"ix":6}},"ao":0,"shapes":[{"ty":"gr","it":[{"ind":0,"ty":"sh","ix":1,"ks":{"a":1,"k":[{"i":{"x":0.667,"y":1},"o":{"x":0.333,"y":0},"t":120,"s":[{"i":[[0,0],[0,0],[0,0],[0,0],[0,0]],"o":[[0,0],[0,0],[0,0],[0,0],[0,0]],"v":[[18.703,-218.83],[18.786,155.96],[-43.417,177.58],[43.418,177.58],[43.335,-218.83]],"c":true}]},{"i":{"x":0.667,"y":1},"o":{"x":0.333,"y":0},"t":150,"s":[{"i":[[0,0],[0,0],[0,0],[0,0],[0,0]],"o":[[0,0],[0,0],[0,0],[0,0],[0,0]],"v":[[18.786,-177.58],[18.786,155.96],[-43.417,177.58],[43.418,177.58],[43.418,-177.58]],"c":true}]},{"i":{"x":0.667,"y":1},"o":{"x":0.333,"y":0},"t":180,"s":[{"i":[[0,0],[0,0],[0,0],[0,0],[0,0]],"o":[[0,0],[0,0],[0,0],[0,0],[0,0]],"v":[[18.786,-177.58],[18.786,155.96],[-43.417,177.58],[43.418,177.58],[43.418,-177.58]],"c":true}]},{"t":210,"s":[{"i":[[0,0],[0,0],[0,0],[0,0],[0,0]],"o":[[0,0],[0,0],[0,0],[0,0],[0,0]],"v":[[18.703,-218.83],[18.786,155.96],[-43.417,177.58],[43.418,177.58],[43.335,-218.83]],"c":true}]}],"ix":2},"nm":"Path 1","mn":"ADBE Vector Shape - Group","hd":false},{"ty":"fl","c":{"a":0,"k":[0.847000002394,0.588000009574,0.250999989229,1],"ix":4},"o":{"a":0,"k":100,"ix":5},"r":1,"bm":0,"nm":"Fill 1","mn":"ADBE Vector Graphic - Fill","hd":false},{"ty":"tr","p":{"a":0,"k":[420.202,576.699],"ix":2},"a":{"a":0,"k":[0,0],"ix":1},"s":{"a":0,"k":[100,100],"ix":3},"r":{"a":0,"k":0,"ix":6},"o":{"a":0,"k":100,"ix":7},"sk":{"a":0,"k":0,"ix":4},"sa":{"a":0,"k":0,"ix":5},"nm":"Transform"}],"nm":"Group 1","np":2,"cix":2,"bm":0,"ix":1,"mn":"ADBE Vector Group","hd":false},{"ty":"gr","it":[{"ind":0,"ty":"sh","ix":1,"ks":{"a":1,"k":[{"i":{"x":0.667,"y":1},"o":{"x":0.333,"y":0},"t":120,"s":[{"i":[[0,0],[0,0],[0,0],[0,0]],"o":[[0,0],[0,0],[0,0],[0,0]],"v":[[43.335,-219.08],[-43.5,-219.08],[-43.418,177.58],[43.417,177.58]],"c":true}]},{"i":{"x":0.667,"y":1},"o":{"x":0.333,"y":0},"t":150,"s":[{"i":[[0,0],[0,0],[0,0],[0,0]],"o":[[0,0],[0,0],[0,0],[0,0]],"v":[[43.417,-177.58],[-43.418,-177.58],[-43.418,177.58],[43.417,177.58]],"c":true}]},{"i":{"x":0.667,"y":1},"o":{"x":0.333,"y":0},"t":180,"s":[{"i":[[0,0],[0,0],[0,0],[0,0]],"o":[[0,0],[0,0],[0,0],[0,0]],"v":[[43.417,-177.58],[-43.418,-177.58],[-43.418,177.58],[43.417,177.58]],"c":true}]},{"t":210,"s":[{"i":[[0,0],[0,0],[0,0],[0,0]],"o":[[0,0],[0,0],[0,0],[0,0]],"v":[[43.335,-219.08],[-43.5,-219.08],[-43.418,177.58],[43.417,177.58]],"c":true}]}],"ix":2},"nm":"Path 1","mn":"ADBE Vector Shape - Group","hd":false},{"ty":"fl","c":{"a":0,"k":[0.898000021542,0.702000038297,0.340999977261,1],"ix":4},"o":{"a":0,"k":100,"ix":5},"r":1,"bm":0,"nm":"Fill 1","mn":"ADBE Vector Graphic - Fill","hd":false},{"ty":"tr","p":{"a":0,"k":[420.203,576.699],"ix":2},"a":{"a":0,"k":[0,0],"ix":1},"s":{"a":0,"k":[100,100],"ix":3},"r":{"a":0,"k":0,"ix":6},"o":{"a":0,"k":100,"ix":7},"sk":{"a":0,"k":0,"ix":4},"sa":{"a":0,"k":0,"ix":5},"nm":"Transform"}],"nm":"Group 2","np":2,"cix":2,"bm":0,"ix":2,"mn":"ADBE Vector Group","hd":false}],"ip":0,"op":600,"st":0,"bm":0},{"ddd":0,"ind":11,"ty":4,"nm":"Shape Layer 1","parent":2,"td":1,"sr":1,"ks":{"o":{"a":0,"k":100,"ix":11},"r":{"a":0,"k":0,"ix":10},"p":{"a":0,"k":[50,50,0],"ix":2},"a":{"a":0,"k":[0,0,0],"ix":1},"s":{"a":0,"k":[100,100,100],"ix":6}},"ao":0,"shapes":[{"ty":"gr","it":[{"ind":0,"ty":"sh","ix":1,"ks":{"a":0,"k":{"i":[[0,0],[0,0],[0,0]],"o":[[0,0],[0,0],[0,0]],"v":[[-340,-274],[-340,266],[352,266]],"c":false},"ix":2},"nm":"Path 1","mn":"ADBE Vector Shape - Group","hd":false},{"ty":"st","c":{"a":0,"k":[1,0.325490196078,0.325490196078,1],"ix":3},"o":{"a":0,"k":100,"ix":4},"w":{"a":0,"k":25,"ix":5},"lc":1,"lj":1,"ml":4,"bm":0,"nm":"Stroke 1","mn":"ADBE Vector Graphic - Stroke","hd":false},{"ty":"tr","p":{"a":0,"k":[0,0],"ix":2},"a":{"a":0,"k":[0,0],"ix":1},"s":{"a":0,"k":[100,100],"ix":3},"r":{"a":0,"k":0,"ix":6},"o":{"a":0,"k":100,"ix":7},"sk":{"a":0,"k":0,"ix":4},"sa":{"a":0,"k":0,"ix":5},"nm":"Transform"}],"nm":"Shape 1","np":3,"cix":2,"bm":0,"ix":1,"mn":"ADBE Vector Group","hd":false},{"ty":"tm","s":{"a":1,"k":[{"i":{"x":[0.833],"y":[0.833]},"o":{"x":[0.167],"y":[0.167]},"t":0,"s":[44]},{"t":40,"s":[0]}],"ix":1},"e":{"a":1,"k":[{"i":{"x":[0.833],"y":[0.833]},"o":{"x":[0.167],"y":[0.167]},"t":0,"s":[44]},{"t":40,"s":[100]}],"ix":2},"o":{"a":0,"k":0,"ix":3},"m":1,"ix":2,"nm":"Trim Paths 1","mn":"ADBE Vector Filter - Trim","hd":false}],"ip":0,"op":600,"st":0,"bm":0},{"ddd":0,"ind":12,"ty":4,"nm":"Layer 10 Outlines","parent":2,"tt":1,"sr":1,"ks":{"o":{"a":0,"k":100,"ix":11},"r":{"a":0,"k":0,"ix":10},"p":{"a":0,"k":[50,50,0],"ix":2},"a":{"a":0,"k":[500,500,0],"ix":1},"s":{"a":0,"k":[100,100,100],"ix":6}},"ao":0,"shapes":[{"ty":"gr","it":[{"ind":0,"ty":"sh","ix":1,"ks":{"a":0,"k":{"i":[[14.071,0],[0,0],[0,0],[0,0],[0,0],[0,0],[0,0],[0,-10.883],[0,0],[0,0],[0,0],[-5.915,0],[0,0],[0,0],[0,0]],"o":[[0,0],[0,0],[0,0],[0,0],[0,0],[0,0],[0,-10.865],[0,0],[0,0],[0,0],[0,4.565],[0,0],[0,0],[0,0],[14.048,0]],"v":[[337.692,255.167],[107.807,255.167],[-257.131,255.167],[-329.931,255.167],[-329.931,85.818],[-329.931,-196.422],[-329.931,-261.169],[-351.763,-261.169],[-351.763,-83.376],[-351.763,198.864],[-351.763,263.609],[-340.847,272.052],[-110.962,272.052],[253.976,272.052],[337.692,272.052]],"c":true},"ix":2},"nm":"Path 1","mn":"ADBE Vector Shape - Group","hd":false},{"ty":"fl","c":{"a":0,"k":[0.277999997606,0.313999998803,0.368999974868,1],"ix":4},"o":{"a":0,"k":100,"ix":5},"r":1,"bm":0,"nm":"Fill 1","mn":"ADBE Vector Graphic - Fill","hd":false},{"ty":"tr","p":{"a":0,"k":[501.278,499.113],"ix":2},"a":{"a":0,"k":[0,0],"ix":1},"s":{"a":0,"k":[100,100],"ix":3},"r":{"a":0,"k":0,"ix":6},"o":{"a":0,"k":100,"ix":7},"sk":{"a":0,"k":0,"ix":4},"sa":{"a":0,"k":0,"ix":5},"nm":"Transform"}],"nm":"Group 1","np":2,"cix":2,"bm":0,"ix":1,"mn":"ADBE Vector Group","hd":false}],"ip":0,"op":600,"st":0,"bm":0}],"markers":[]}