{
  "data": [
    {
      "id": "bitcoin",
      "rank": "1",
      "symbol": "BTC",
      "name": "Bitcoin",
      "supply": "19024212.0000000000000000",
      "maxSupply": "21000000.0000000000000000",
      "marketCapUsd": "747614768333.1922004438954904",
      "volumeUsd24Hr": "12362069728.1465272478533820",
      "priceUsd": "39298.0675537673886542",
      "changePercent24Hr": "2.8048012337725155",
      "vwap24Hr": "38914.6831447196622679",
      "explorer": "https://blockchain.info/"
    },
    {
      "id": "ethereum",
      "rank": "2",
      "symbol": "ETH",
      "name": "Ethereum",
      "supply": "120554289.1240000000000000",
      "maxSupply": null,
      "marketCapUsd": "348851191214.1930454663458620",
      "volumeUsd24Hr": "8642466477.0813449527866758",
      "priceUsd": "2893.7269154759886473",
      "changePercent24Hr": "2.4541099898679949",
      "vwap24Hr": "2862.0612751759986516",
      "explorer": "https://etherscan.io/"
    },
    {
      "id": "tether",
      "rank": "3",
      "symbol": "USDT",
      "name": "Tether",
      "supply": "83172877108.4557300000000000",
      "maxSupply": null,
      "marketCapUsd": "83231564558.2455326594226460",
      "volumeUsd24Hr": "25069598610.9360030330922636",
      "priceUsd": "1.0007056080278824",
      "changePercent24Hr": "-0.0457903721518768",
      "vwap24Hr": "1.0004781110681348",
      "explorer": "https://www.omniexplorer.info/asset/31"
    },
    {
      "id": "binance-coin",
      "rank": "4",
      "symbol": "BNB",
      "name": "BNB",
      "supply": "166801148.0000000000000000",
      "maxSupply": "166801148.0000000000000000",
      "marketCapUsd": "65314197238.9322193864456528",
      "volumeUsd24Hr": "583845540.8279475552224441",
      "priceUsd": "391.5692309199947436",
      "changePercent24Hr": "0.9923102241170215",
      "vwap24Hr": "390.3159940771351665",
      "explorer": "https://etherscan.io/token/0xB8c77482e45F1F44dE1745F52C74426C631bDD52"
    },
    {
      "id": "usd-coin",
      "rank": "5",
      "symbol": "USDC",
      "name": "USD Coin",
      "supply": "49555037159.3734300000000000",
      "maxSupply": null,
      "marketCapUsd": "49585834595.6784392606053050",
      "volumeUsd24Hr": "1427065504.1668545608815355",
      "priceUsd": "1.0006214794311618",
      "changePercent24Hr": "-0.0330870402983109",
      "vwap24Hr": "1.0008992923309727",
      "explorer": "https://etherscan.io/token/0xa0b86991c6218b36c1d19d4a2e9eb0ce3606eb48"
    },
    {
      "id": "solana",
      "rank": "6",
      "symbol": "SOL",
      "name": "Solana",
      "supply": "333703086.2392820000000000",
      "maxSupply": null,
      "marketCapUsd": "32883856307.6619169997220083",
      "volumeUsd24Hr": "306084709.6220470392771174",
      "priceUsd": "98.5422600619358010",
      "changePercent24Hr": "2.5252108233929578",
      "vwap24Hr": "98.2752595367562071",
      "explorer": "https://explorer.solana.com/"
    },
    {
      "id": "terra-luna",
      "rank": "7",
      "symbol": "LUNA",
      "name": "Terra",
      "supply": "345925038.1219504500000000",
      "maxSupply": null,
      "marketCapUsd": "30978326959.2193462165922688",
      "volumeUsd24Hr": "495875282.9558849531364778",
      "priceUsd": "89.5521386003242200",
      "changePercent24Hr": "0.4612455925103561",
      "vwap24Hr": "89.0983553139599452",
      "explorer": "https://finder.terra.money/"
    },
    {
      "id": "xrp",
      "rank": "8",
      "symbol": "XRP",
      "name": "XRP",
      "supply": "45404028640.0000000000000000",
      "maxSupply": "100000000000.0000000000000000",
      "marketCapUsd": "29593540081.8409646587764640",
      "volumeUsd24Hr": "747470428.5723162974132109",
      "priceUsd": "0.6517822529908651",
      "changePercent24Hr": "0.7958379638410811",
      "vwap24Hr": "0.6506304266554263",
      "explorer": "https://xrpcharts.ripple.com/#/graph/"
    }
  ]
}